{
  "project_info": {
    "project_number": "22044735975",
    "firebase_url": "https://blogapp-3de96.firebaseio.com",
    "project_id": "blogapp-3de96",
    "storage_bucket": "blogapp-3de96.appspot.com"
  },
  "client": [
    {
      "client_info": {
        "mobilesdk_app_id": "1:22044735975:android:b4a1e14e533203f1",
        "android_client_info": {
          "package_name": "com.shivam.blogapp"
        }
      },
      "oauth_client": [
        {
          "client_id": "22044735975-usu8lr1lj3e7mt989mmrt1hc1gv7qvgi.apps.googleusercontent.com",
          "client_type": 3
        }
      ],
      "api_key": [
        {
          "current_key": "AIzaSyC3tQ_NyUguNAr-w0UV048FgxHJXcg4p3Y"
        }
      ],
      "services": {
        "analytics_service": {
          "status": 1
        },
        "appinvite_service": {
          "status": 1,
          "other_platform_oauth_client": []
        },
        "ads_service": {
          "status": 2
        }
      }
    }
  ],
  "configuration_version": "1"
}